{"wer": 0.9089430894308943, "wer_lower": 0.865040650406504, "cer": 0.7148919537662628, "cer_lower": 0.6964654642916969, "bleu": 0.48139863858538523, "sacrebleu": 0.48139863858538523, "meteor": 0.5502462424008515, "rouge1": 0.6751409273703091, "chrf": 0.5070409686917045, "chrfpp": 0.43644249200435253, "tex_bleu": 0.8379709756097554}