{"wer": 0.8950495049504951, "wer_lower": 0.8607260726072608, "cer": 0.6102073440218158, "cer_lower": 0.5931872678546241, "bleu": 0.5142576091067623, "sacrebleu": 0.5142576091067619, "meteor": 0.5728091169193598, "rouge1": 0.6955627399237028, "chrf": 0.5244812907073044, "chrfpp": 0.4537960249890244, "tex_bleu": 0.836431947194719}