{"wer": 0.9012750455373406, "wer_lower": 0.8626593806921676, "cer": 0.6580606462810761, "cer_lower": 0.6403976721629486, "bleu": 0.499462505244251, "sacrebleu": 0.499462505244251, "meteor": 0.5626989764247277, "rouge1": 0.6866142339463834, "chrf": 0.516411513569291, "chrfpp": 0.44581460180366655, "tex_bleu": 0.8371215664845192}